{
  "criteria": {
    "killed_by_something": {
      "trigger": "minecraft:tick"
    }
  },
  "display": {
    "announce_to_chat": false,
    "background": "minecraft:gui/advancements/backgrounds/adventure",
    "description": "Custom Achievements are disabled for this server. ",
    "icon": {
      "count": 1,
      "id": "minecraft:filled_map"
    },
    "show_toast": false,
    "title": "Custom Achievements"
  },
  "requirements": [
    [
      "killed_by_something"
    ]
  ],
  "sends_telemetry_event": false
}